score_train,score_train_std,score_test,score_test_std
0.7635642341722141,0.10244217965742326,0.37326039669658917,0.4222055759128913
