score_train,score_train_std,score_test,score_test_std
0.8716638737634199,0.03172013526415171,0.2976569005407813,0.641352430832104
