score_train,score_train_std,score_test,score_test_std
0.6845873289276341,0.024244653604220647,0.3462848297213622,0.20761795883326659
